State,Facility Name,Main Facility URL,News Releases URL,Stories URL
Alabama,VA Birmingham Health Care,https://www.va.gov/birmingham-health-care/,https://www.va.gov/birmingham-health-care/news-releases/,https://www.va.gov/birmingham-health-care/stories/
Alabama,VA Central Alabama Health Care,https://www.va.gov/central-alabama-health-care/,https://www.va.gov/central-alabama-health-care/news-releases/,https://www.va.gov/central-alabama-health-care/stories/
Alabama,VA Tuscaloosa Health Care,https://www.va.gov/tuscaloosa-health-care/,https://www.va.gov/tuscaloosa-health-care/news-releases/,https://www.va.gov/tuscaloosa-health-care/stories/
Alaska,VA Alaska Health Care,https://www.va.gov/alaska-health-care/,https://www.va.gov/alaska-health-care/news-releases/,https://www.va.gov/alaska-health-care/stories/
Arizona,VA Phoenix Health Care,https://www.va.gov/phoenix-health-care/,https://www.va.gov/phoenix-health-care/news-releases/,https://www.va.gov/phoenix-health-care/stories/
Arizona,VA Southern Arizona Health Care,https://www.va.gov/southern-arizona-health-care/,https://www.va.gov/southern-arizona-health-care/news-releases/,https://www.va.gov/southern-arizona-health-care/stories/
Arizona,VA Northern Arizona Health Care,https://www.va.gov/northern-arizona-health-care/,https://www.va.gov/northern-arizona-health-care/news-releases/,https://www.va.gov/northern-arizona-health-care/stories/
Arkansas,VA Central Arkansas Health Care,https://www.va.gov/central-arkansas-health-care/,https://www.va.gov/central-arkansas-health-care/news-releases/,https://www.va.gov/central-arkansas-health-care/stories/
Arkansas,VA Fayetteville Arkansas Health Care,https://www.va.gov/fayetteville-arkansas-health-care/,https://www.va.gov/fayetteville-arkansas-health-care/news-releases/,https://www.va.gov/fayetteville-arkansas-health-care/stories/
California,VA Central California Health Care,https://www.va.gov/central-california-health-care/,https://www.va.gov/central-california-health-care/news-releases/,https://www.va.gov/central-california-health-care/stories/
California,VA Northern California Health Care,https://www.va.gov/northern-california-health-care/,https://www.va.gov/northern-california-health-care/news-releases/,https://www.va.gov/northern-california-health-care/stories/
California,VA Palo Alto Health Care,https://www.va.gov/palo-alto-health-care/,https://www.va.gov/palo-alto-health-care/news-releases/,https://www.va.gov/palo-alto-health-care/stories/
California,VA Loma Linda Health Care,https://www.va.gov/loma-linda-health-care/,https://www.va.gov/loma-linda-health-care/news-releases/,https://www.va.gov/loma-linda-health-care/stories/
California,VA Greater Los Angeles Health Care,https://www.va.gov/greater-los-angeles-health-care/,https://www.va.gov/greater-los-angeles-health-care/news-releases/,https://www.va.gov/greater-los-angeles-health-care/stories/
California,VA Long Beach Health Care,https://www.va.gov/long-beach-health-care/,https://www.va.gov/long-beach-health-care/news-releases/,https://www.va.gov/long-beach-health-care/stories/
California,VA San Diego Health Care,https://www.va.gov/san-diego-health-care/,https://www.va.gov/san-diego-health-care/news-releases/,https://www.va.gov/san-diego-health-care/stories/
California,VA San Francisco Health Care,https://www.va.gov/san-francisco-health-care/,https://www.va.gov/san-francisco-health-care/news-releases/,https://www.va.gov/san-francisco-health-care/stories/
Colorado,VA Eastern Colorado Health Care,https://www.va.gov/eastern-colorado-health-care/,https://www.va.gov/eastern-colorado-health-care/news-releases/,https://www.va.gov/eastern-colorado-health-care/stories/
Colorado,VA Western Colorado Health Care,https://www.va.gov/western-colorado-health-care/,https://www.va.gov/western-colorado-health-care/news-releases/,https://www.va.gov/western-colorado-health-care/stories/
Connecticut,VA Connecticut Health Care,https://www.va.gov/connecticut-health-care/,https://www.va.gov/connecticut-health-care/news-releases/,https://www.va.gov/connecticut-health-care/stories/
Delaware,VA Wilmington Health Care,https://www.va.gov/wilmington-health-care/,https://www.va.gov/wilmington-health-care/news-releases/,https://www.va.gov/wilmington-health-care/stories/
Florida,VA Bay Pines Health Care,https://www.va.gov/bay-pines-health-care/,https://www.va.gov/bay-pines-health-care/news-releases/,https://www.va.gov/bay-pines-health-care/stories/
Florida,VA Miami Health Care,https://www.va.gov/miami-health-care/,https://www.va.gov/miami-health-care/news-releases/,https://www.va.gov/miami-health-care/stories/
Florida,VA North Florida/South Georgia Health Care,https://www.va.gov/north-florida-health-care/,https://www.va.gov/north-florida-health-care/news-releases/,https://www.va.gov/north-florida-health-care/stories/
Florida,VA Orlando Health Care,https://www.va.gov/orlando-health-care/,https://www.va.gov/orlando-health-care/news-releases/,https://www.va.gov/orlando-health-care/stories/
Florida,VA Tampa Health Care,https://www.va.gov/tampa-health-care/,https://www.va.gov/tampa-health-care/news-releases/,https://www.va.gov/tampa-health-care/stories/
Florida,VA West Palm Beach Health Care,https://www.va.gov/west-palm-beach-health-care/,https://www.va.gov/west-palm-beach-health-care/news-releases/,https://www.va.gov/west-palm-beach-health-care/stories/
Georgia,VA Atlanta Health Care,https://www.va.gov/atlanta-health-care/,https://www.va.gov/atlanta-health-care/news-releases/,https://www.va.gov/atlanta-health-care/stories/
Georgia,VA Augusta Health Care,https://www.va.gov/augusta-health-care/,https://www.va.gov/augusta-health-care/news-releases/,https://www.va.gov/augusta-health-care/stories/
Georgia,VA Dublin Health Care,https://www.va.gov/dublin-health-care/,https://www.va.gov/dublin-health-care/news-releases/,https://www.va.gov/dublin-health-care/stories/
Hawaii/Pacific,VA Pacific Islands Health Care,https://www.va.gov/pacific-islands-health-care/,https://www.va.gov/pacific-islands-health-care/news-releases/,https://www.va.gov/pacific-islands-health-care/stories/
Idaho,VA Boise Health Care,https://www.va.gov/boise-health-care/,https://www.va.gov/boise-health-care/news-releases/,https://www.va.gov/boise-health-care/stories/
Illinois,VA Chicago Health Care,https://www.va.gov/chicago-health-care/,https://www.va.gov/chicago-health-care/news-releases/,https://www.va.gov/chicago-health-care/stories/
Illinois,VA Hines Health Care,https://www.va.gov/hines-health-care/,https://www.va.gov/hines-health-care/news-releases/,https://www.va.gov/hines-health-care/stories/
Illinois,VA Illiana Health Care,https://www.va.gov/illiana-health-care/,https://www.va.gov/illiana-health-care/news-releases/,https://www.va.gov/illiana-health-care/stories/
Illinois,VA Lovell Federal Health Care,https://www.va.gov/lovell-federal-health-care-va/,https://www.va.gov/lovell-federal-health-care-va/news-releases/,https://www.va.gov/lovell-federal-health-care-va/stories/
Indiana,VA Indiana Health Care,https://www.va.gov/indiana-health-care/,https://www.va.gov/indiana-health-care/news-releases/,https://www.va.gov/indiana-health-care/stories/
Indiana,VA Northern Indiana Health Care,https://www.va.gov/northern-indiana-health-care/,https://www.va.gov/northern-indiana-health-care/news-releases/,https://www.va.gov/northern-indiana-health-care/stories/
Iowa,VA Central Iowa Health Care,https://www.va.gov/central-iowa-health-care/,https://www.va.gov/central-iowa-health-care/news-releases/,https://www.va.gov/central-iowa-health-care/stories/
Iowa,VA Iowa City Health Care,https://www.va.gov/iowa-city-health-care/,https://www.va.gov/iowa-city-health-care/news-releases/,https://www.va.gov/iowa-city-health-care/stories/
Kansas,VA Eastern Kansas Health Care,https://www.va.gov/eastern-kansas-health-care/,https://www.va.gov/eastern-kansas-health-care/news-releases/,https://www.va.gov/eastern-kansas-health-care/stories/
Kansas,VA Wichita Health Care,https://www.va.gov/wichita-health-care/,https://www.va.gov/wichita-health-care/news-releases/,https://www.va.gov/wichita-health-care/stories/
Kentucky,VA Lexington Health Care,https://www.va.gov/lexington-health-care/,https://www.va.gov/lexington-health-care/news-releases/,https://www.va.gov/lexington-health-care/stories/
Kentucky,VA Louisville Health Care,https://www.va.gov/louisville-health-care/,https://www.va.gov/louisville-health-care/news-releases/,https://www.va.gov/louisville-health-care/stories/
Louisiana,VA Alexandria Health Care,https://www.va.gov/alexandria-health-care/,https://www.va.gov/alexandria-health-care/news-releases/,https://www.va.gov/alexandria-health-care/stories/
Louisiana,VA Shreveport Health Care,https://www.va.gov/shreveport-health-care/,https://www.va.gov/shreveport-health-care/news-releases/,https://www.va.gov/shreveport-health-care/stories/
Louisiana,VA Southeast Louisiana Health Care,https://www.va.gov/southeast-louisiana-health-care/,https://www.va.gov/southeast-louisiana-health-care/news-releases/,https://www.va.gov/southeast-louisiana-health-care/stories/
Maine,VA Maine Health Care,https://www.va.gov/maine-health-care/,https://www.va.gov/maine-health-care/news-releases/,https://www.va.gov/maine-health-care/stories/
Maryland,VA Maryland Health Care,https://www.va.gov/maryland-health-care/,https://www.va.gov/maryland-health-care/news-releases/,https://www.va.gov/maryland-health-care/stories/
Massachusetts,VA Bedford Health Care,https://www.va.gov/bedford-health-care/,https://www.va.gov/bedford-health-care/news-releases/,https://www.va.gov/bedford-health-care/stories/
Massachusetts,VA Boston Health Care,https://www.va.gov/boston-health-care/,https://www.va.gov/boston-health-care/news-releases/,https://www.va.gov/boston-health-care/stories/
Massachusetts,VA Central Western Massachusetts Health Care,https://www.va.gov/central-western-massachusetts-health-care/,https://www.va.gov/central-western-massachusetts-health-care/news-releases/,https://www.va.gov/central-western-massachusetts-health-care/stories/
Michigan,VA Ann Arbor Health Care,https://www.va.gov/ann-arbor-health-care/,https://www.va.gov/ann-arbor-health-care/news-releases/,https://www.va.gov/ann-arbor-health-care/stories/
Michigan,VA Battle Creek Health Care,https://www.va.gov/battle-creek-health-care/,https://www.va.gov/battle-creek-health-care/news-releases/,https://www.va.gov/battle-creek-health-care/stories/
Michigan,VA Detroit Health Care,https://www.va.gov/detroit-health-care/,https://www.va.gov/detroit-health-care/news-releases/,https://www.va.gov/detroit-health-care/stories/
Michigan,VA Iron Mountain Health Care,https://www.va.gov/iron-mountain-health-care/,https://www.va.gov/iron-mountain-health-care/news-releases/,https://www.va.gov/iron-mountain-health-care/stories/
Michigan,VA Saginaw Health Care,https://www.va.gov/saginaw-health-care/,https://www.va.gov/saginaw-health-care/news-releases/,https://www.va.gov/saginaw-health-care/stories/
Minnesota,VA Minneapolis Health Care,https://www.va.gov/minneapolis-health-care/,https://www.va.gov/minneapolis-health-care/news-releases/,https://www.va.gov/minneapolis-health-care/stories/
Minnesota,VA St Cloud Health Care,https://www.va.gov/st-cloud-health-care/,https://www.va.gov/st-cloud-health-care/news-releases/,https://www.va.gov/st-cloud-health-care/stories/
Mississippi,VA Gulf Coast Health Care,https://www.va.gov/gulf-coast-health-care/,https://www.va.gov/gulf-coast-health-care/news-releases/,https://www.va.gov/gulf-coast-health-care/stories/
Mississippi,VA Jackson Health Care,https://www.va.gov/jackson-health-care/,https://www.va.gov/jackson-health-care/news-releases/,https://www.va.gov/jackson-health-care/stories/
Missouri,VA Columbia Missouri Health Care,https://www.va.gov/columbia-missouri-health-care/,https://www.va.gov/columbia-missouri-health-care/news-releases/,https://www.va.gov/columbia-missouri-health-care/stories/
Missouri,VA Kansas City Health Care,https://www.va.gov/kansas-city-health-care/,https://www.va.gov/kansas-city-health-care/news-releases/,https://www.va.gov/kansas-city-health-care/stories/
Missouri,VA Poplar Bluff Health Care,https://www.va.gov/poplar-bluff-health-care/,https://www.va.gov/poplar-bluff-health-care/news-releases/,https://www.va.gov/poplar-bluff-health-care/stories/
Missouri,VA St Louis Health Care,https://www.va.gov/st-louis-health-care/,https://www.va.gov/st-louis-health-care/news-releases/,https://www.va.gov/st-louis-health-care/stories/
Montana,VA Montana Health Care,https://www.va.gov/montana-health-care/,https://www.va.gov/montana-health-care/news-releases/,https://www.va.gov/montana-health-care/stories/
Nebraska,VA Nebraska-Western Iowa Health Care,https://www.va.gov/nebraska-western-iowa-health-care/,https://www.va.gov/nebraska-western-iowa-health-care/news-releases/,https://www.va.gov/nebraska-western-iowa-health-care/stories/
Nevada,VA Sierra Nevada Health Care,https://www.va.gov/sierra-nevada-health-care/,https://www.va.gov/sierra-nevada-health-care/news-releases/,https://www.va.gov/sierra-nevada-health-care/stories/
Nevada,VA Southern Nevada Health Care,https://www.va.gov/southern-nevada-health-care/,https://www.va.gov/southern-nevada-health-care/news-releases/,https://www.va.gov/southern-nevada-health-care/stories/
New Hampshire,VA Manchester Health Care,https://www.va.gov/manchester-health-care/,https://www.va.gov/manchester-health-care/news-releases/,https://www.va.gov/manchester-health-care/stories/
New Jersey,VA New Jersey Health Care,https://www.va.gov/new-jersey-health-care/,https://www.va.gov/new-jersey-health-care/news-releases/,https://www.va.gov/new-jersey-health-care/stories/
New Mexico,VA New Mexico Health Care,https://www.va.gov/new-mexico-health-care/,https://www.va.gov/new-mexico-health-care/news-releases/,https://www.va.gov/new-mexico-health-care/stories/
New York,VA Albany Health Care,https://www.va.gov/albany-health-care/,https://www.va.gov/albany-health-care/news-releases/,https://www.va.gov/albany-health-care/stories/
New York,VA Bronx Health Care,https://www.va.gov/bronx-health-care/,https://www.va.gov/bronx-health-care/news-releases/,https://www.va.gov/bronx-health-care/stories/
New York,VA Finger Lakes Health Care,https://www.va.gov/finger-lakes-health-care/,https://www.va.gov/finger-lakes-health-care/news-releases/,https://www.va.gov/finger-lakes-health-care/stories/
New York,VA Hudson Valley Health Care,https://www.va.gov/hudson-valley-health-care/,https://www.va.gov/hudson-valley-health-care/news-releases/,https://www.va.gov/hudson-valley-health-care/stories/
New York,VA Northport Health Care,https://www.va.gov/northport-health-care/,https://www.va.gov/northport-health-care/news-releases/,https://www.va.gov/northport-health-care/stories/
New York,VA Syracuse Health Care,https://www.va.gov/syracuse-health-care/,https://www.va.gov/syracuse-health-care/news-releases/,https://www.va.gov/syracuse-health-care/stories/
New York,VA Western New York Health Care,https://www.va.gov/western-new-york-health-care/,https://www.va.gov/western-new-york-health-care/news-releases/,https://www.va.gov/western-new-york-health-care/stories/
North Carolina,VA Asheville Health Care,https://www.va.gov/asheville-health-care/,https://www.va.gov/asheville-health-care/news-releases/,https://www.va.gov/asheville-health-care/stories/
North Carolina,VA Durham Health Care,https://www.va.gov/durham-health-care/,https://www.va.gov/durham-health-care/news-releases/,https://www.va.gov/durham-health-care/stories/
North Carolina,VA Fayetteville Coastal Health Care,https://www.va.gov/fayetteville-coastal-health-care/,https://www.va.gov/fayetteville-coastal-health-care/news-releases/,https://www.va.gov/fayetteville-coastal-health-care/stories/
North Carolina,VA Salisbury Health Care,https://www.va.gov/salisbury-health-care/,https://www.va.gov/salisbury-health-care/news-releases/,https://www.va.gov/salisbury-health-care/stories/
North Dakota,VA Fargo Health Care,https://www.va.gov/fargo-health-care/,https://www.va.gov/fargo-health-care/news-releases/,https://www.va.gov/fargo-health-care/stories/
Ohio,VA Chillicothe Health Care,https://www.va.gov/chillicothe-health-care/,https://www.va.gov/chillicothe-health-care/news-releases/,https://www.va.gov/chillicothe-health-care/stories/
Ohio,VA Cincinnati Health Care,https://www.va.gov/cincinnati-health-care/,https://www.va.gov/cincinnati-health-care/news-releases/,https://www.va.gov/cincinnati-health-care/stories/
Ohio,VA Dayton Health Care,https://www.va.gov/dayton-health-care/,https://www.va.gov/dayton-health-care/news-releases/,https://www.va.gov/dayton-health-care/stories/
Oklahoma,VA Eastern Oklahoma Health Care,https://www.va.gov/eastern-oklahoma-health-care/,https://www.va.gov/eastern-oklahoma-health-care/news-releases/,https://www.va.gov/eastern-oklahoma-health-care/stories/
Oklahoma,VA Oklahoma City Health Care,https://www.va.gov/oklahoma-city-health-care/,https://www.va.gov/oklahoma-city-health-care/news-releases/,https://www.va.gov/oklahoma-city-health-care/stories/
Oregon,VA Portland Health Care,https://www.va.gov/portland-health-care/,https://www.va.gov/portland-health-care/news-releases/,https://www.va.gov/portland-health-care/stories/
Oregon,VA Roseburg Health Care,https://www.va.gov/roseburg-health-care/,https://www.va.gov/roseburg-health-care/news-releases/,https://www.va.gov/roseburg-health-care/stories/
Pennsylvania,VA Altoona Health Care,https://www.va.gov/altoona-health-care/,https://www.va.gov/altoona-health-care/news-releases/,https://www.va.gov/altoona-health-care/stories/
Pennsylvania,VA Butler Health Care,https://www.va.gov/butler-health-care/,https://www.va.gov/butler-health-care/news-releases/,https://www.va.gov/butler-health-care/stories/
Pennsylvania,VA Coatesville Health Care,https://www.va.gov/coatesville-health-care/,https://www.va.gov/coatesville-health-care/news-releases/,https://www.va.gov/coatesville-health-care/stories/
Pennsylvania,VA Erie Health Care,https://www.va.gov/erie-health-care/,https://www.va.gov/erie-health-care/news-releases/,https://www.va.gov/erie-health-care/stories/
Pennsylvania,VA Lebanon Health Care,https://www.va.gov/lebanon-health-care/,https://www.va.gov/lebanon-health-care/news-releases/,https://www.va.gov/lebanon-health-care/stories/
Pennsylvania,VA Philadelphia Health Care,https://www.va.gov/philadelphia-health-care/,https://www.va.gov/philadelphia-health-care/news-releases/,https://www.va.gov/philadelphia-health-care/stories/
Pennsylvania,VA Pittsburgh Health Care,https://www.va.gov/pittsburgh-health-care/,https://www.va.gov/pittsburgh-health-care/news-releases/,https://www.va.gov/pittsburgh-health-care/stories/
Pennsylvania,VA Wilkes-Barre Health Care,https://www.va.gov/wilkes-barre-health-care/,https://www.va.gov/wilkes-barre-health-care/news-releases/,https://www.va.gov/wilkes-barre-health-care/stories/
Rhode Island,VA Providence Health Care,https://www.va.gov/providence-health-care/,https://www.va.gov/providence-health-care/news-releases/,https://www.va.gov/providence-health-care/stories/
South Carolina,VA Columbia South Carolina Health Care,https://www.va.gov/columbia-south-carolina-health-care/,https://www.va.gov/columbia-south-carolina-health-care/news-releases/,https://www.va.gov/columbia-south-carolina-health-care/stories/
South Dakota,VA Black Hills Health Care,https://www.va.gov/black-hills-health-care/,https://www.va.gov/black-hills-health-care/news-releases/,https://www.va.gov/black-hills-health-care/stories/
South Dakota,VA Sioux Falls Health Care,https://www.va.gov/sioux-falls-health-care/,https://www.va.gov/sioux-falls-health-care/news-releases/,https://www.va.gov/sioux-falls-health-care/stories/
Tennessee,VA Memphis Health Care,https://www.va.gov/memphis-health-care/,https://www.va.gov/memphis-health-care/news-releases/,https://www.va.gov/memphis-health-care/stories/
Tennessee,VA Mountain Home Health Care,https://www.va.gov/mountain-home-health-care/,https://www.va.gov/mountain-home-health-care/news-releases/,https://www.va.gov/mountain-home-health-care/stories/
Tennessee,VA Nashville Health Care,https://www.va.gov/nashville-health-care/,https://www.va.gov/nashville-health-care/news-releases/,https://www.va.gov/nashville-health-care/stories/
Texas,VA Amarillo Health Care,https://www.va.gov/amarillo-health-care/,https://www.va.gov/amarillo-health-care/news-releases/,https://www.va.gov/amarillo-health-care/stories/
Texas,VA Austin Health Care,https://www.va.gov/central-texas-health-care/locations/austin-va-clinic/,https://www.va.gov/austin-health-care/news-releases/,https://www.va.gov/austin-health-care/stories/
Texas,VA Big Spring Health Care,https://www.va.gov/big-spring-health-care/,https://www.va.gov/big-spring-health-care/news-releases/,https://www.va.gov/big-spring-health-care/stories/
Texas,VA Central Texas Health Care,https://www.va.gov/central-texas-health-care/,https://www.va.gov/central-texas-health-care/news-releases/,https://www.va.gov/central-texas-health-care/stories/
Texas,VA Dallas Health Care,https://www.va.gov/dallas-health-care/,https://www.va.gov/dallas-health-care/news-releases/,https://www.va.gov/dallas-health-care/stories/
Texas,VA El Paso Health Care,https://www.va.gov/el-paso-health-care/,https://www.va.gov/el-paso-health-care/news-releases/,https://www.va.gov/el-paso-health-care/stories/
Texas,VA Houston Health Care,https://www.va.gov/houston-health-care/,https://www.va.gov/houston-health-care/news-releases/,https://www.va.gov/houston-health-care/stories/
Texas,VA North Texas Health Care,https://www.va.gov/north-texas-health-care/,https://www.va.gov/north-texas-health-care/news-releases/,https://www.va.gov/north-texas-health-care/stories/
Texas,VA San Antonio Health Care,https://www.va.gov/san-antonio-health-care/,https://www.va.gov/san-antonio-health-care/news-releases/,https://www.va.gov/san-antonio-health-care/stories/
Utah,VA Salt Lake City Health Care,https://www.va.gov/salt-lake-city-health-care/,https://www.va.gov/salt-lake-city-health-care/news-releases/,https://www.va.gov/salt-lake-city-health-care/stories/
Vermont,VA White River Junction Health Care,https://www.va.gov/white-river-junction-health-care/,https://www.va.gov/white-river-junction-health-care/news-releases/,https://www.va.gov/white-river-junction-health-care/stories/
Virginia,VA Hampton Health Care,https://www.va.gov/hampton-health-care/,https://www.va.gov/hampton-health-care/news-releases/,https://www.va.gov/hampton-health-care/stories/
Virginia,VA Richmond Health Care,https://www.va.gov/richmond-health-care/,https://www.va.gov/richmond-health-care/news-releases/,https://www.va.gov/richmond-health-care/stories/
Virginia,VA Salem Health Care,https://www.va.gov/salem-health-care/,https://www.va.gov/salem-health-care/news-releases/,https://www.va.gov/salem-health-care/stories/
Virginia,VA Northern Virginia Health Care,https://www.va.gov/northern-virginia-health-care/,https://www.va.gov/northern-virginia-health-care/news-releases/,https://www.va.gov/northern-virginia-health-care/stories/
Washington,VA Puget Sound Health Care,https://www.va.gov/puget-sound-health-care/,https://www.va.gov/puget-sound-health-care/news-releases/,https://www.va.gov/puget-sound-health-care/stories/
Washington,VA Spokane Health Care,https://www.va.gov/spokane-health-care/,https://www.va.gov/spokane-health-care/news-releases/,https://www.va.gov/spokane-health-care/stories/
Washington,VA Walla Walla Health Care,https://www.va.gov/walla-walla-health-care/,https://www.va.gov/walla-walla-health-care/news-releases/,https://www.va.gov/walla-walla-health-care/stories/
Washington DC,VA Washington DC Health Care,https://www.va.gov/washington-dc-health-care/,https://www.va.gov/washington-dc-health-care/news-releases/,https://www.va.gov/washington-dc-health-care/stories/
West Virginia,VA Beckley Health Care,https://www.va.gov/beckley-health-care/,https://www.va.gov/beckley-health-care/news-releases/,https://www.va.gov/beckley-health-care/stories/
West Virginia,VA Clarksburg Health Care,https://www.va.gov/clarksburg-health-care/,https://www.va.gov/clarksburg-health-care/news-releases/,https://www.va.gov/clarksburg-health-care/stories/
West Virginia,VA Huntington Health Care,https://www.va.gov/huntington-health-care/,https://www.va.gov/huntington-health-care/news-releases/,https://www.va.gov/huntington-health-care/stories/
West Virginia,VA Martinsburg Health Care,https://www.va.gov/martinsburg-health-care/,https://www.va.gov/martinsburg-health-care/news-releases/,https://www.va.gov/martinsburg-health-care/stories/
Wisconsin,VA Madison Health Care,https://www.va.gov/madison-health-care/,https://www.va.gov/madison-health-care/news-releases/,https://www.va.gov/madison-health-care/stories/
Wisconsin,VA Milwaukee Health Care,https://www.va.gov/milwaukee-health-care/,https://www.va.gov/milwaukee-health-care/news-releases/,https://www.va.gov/milwaukee-health-care/stories/
Wisconsin,VA Tomah Health Care,https://www.va.gov/tomah-health-care/,https://www.va.gov/tomah-health-care/news-releases/,https://www.va.gov/tomah-health-care/stories/
Wyoming,VA Cheyenne Health Care,https://www.va.gov/cheyenne-health-care/,https://www.va.gov/cheyenne-health-care/news-releases/,https://www.va.gov/cheyenne-health-care/stories/
Wyoming,VA Sheridan Health Care,https://www.va.gov/sheridan-health-care/,https://www.va.gov/sheridan-health-care/news-releases/,https://www.va.gov/sheridan-health-care/stories/
